Customer ID,Feedback Channel,Rating,Comment,Date
CUST1000,Email,,Had some issues,2024-08-26 00:21:02.271724
CUST1001,Email,5.0,,2024-04-03 00:21:02.271744
CUST1002,Email,,Good support,2024-01-02 00:21:02.271752
CUST1003,Email,5.0,Needs improvement,2024-01-09 00:21:02.271764
CUST1004,In-Person,1.0,Could be better,2023-11-14 00:21:02.271782
CUST1005,Website,2.0,Not happy with the response,2024-09-14 00:21:02.271791
CUST1006,Email,3.0,Disappointed,2024-06-23 00:21:02.271798
CUST1007,Email,5.0,,2024-04-26 00:21:02.271808
CUST1008,Email,5.0,Not happy with the response,2024-01-15 00:21:02.271818
CUST1009,Phone,1.0,Excellent experience,2024-09-26 00:21:02.271824
CUST1010,Phone,4.0,Loved it,2024-05-03 00:21:02.271829
CUST1011,Phone,2.0,Loved it,2023-12-10 00:21:02.271833
CUST1012,Email,2.0,Had some issues,2024-08-14 00:21:02.271838
CUST1013,Website,5.0,Not happy with the response,2024-10-08 00:21:02.271842
CUST1014,Phone,3.0,Very satisfied,2024-07-20 00:21:02.271846
CUST1015,In-Person,4.0,Loved it,2024-03-16 00:21:02.271850
CUST1016,Phone,2.0,Good support,2024-06-24 00:21:02.271854
CUST1017,Website,4.0,Could be better,2024-02-19 00:21:02.271858
CUST1018,Website,,,2024-09-10 00:21:02.271862
CUST1019,Phone,4.0,Quick resolution,2024-04-24 00:21:02.271866
CUST1020,Website,5.0,Great service,2023-11-23 00:21:02.271870
CUST1021,Email,5.0,Loved it,2024-05-15 00:21:02.271874
CUST1022,Email,2.0,Excellent experience,2024-02-23 00:21:02.271878
CUST1023,Phone,1.0,Excellent experience,2023-12-14 00:21:02.271882
CUST1024,Phone,2.0,Good support,2024-11-05 00:21:02.271886
CUST1025,In-Person,1.0,Excellent experience,2024-07-06 00:21:02.271891
CUST1026,Email,5.0,Very satisfied,2024-03-02 00:21:02.271895
CUST1027,Email,5.0,Could be better,2023-12-04 00:21:02.271898
CUST1028,Website,2.0,Disappointed,2024-04-03 00:21:02.271902
CUST1029,Phone,2.0,Quick resolution,2023-11-28 00:21:02.271906
CUST1030,In-Person,5.0,Had some issues,2024-07-13 00:21:02.271910
CUST1031,Email,5.0,Disappointed,2024-07-16 00:21:02.271914
CUST1032,Email,,Had some issues,2024-10-02 00:21:02.271917
CUST1033,Email,1.0,Excellent experience,2023-11-29 00:21:02.271923
CUST1034,Website,2.0,Disappointed,2024-01-15 00:21:02.271930
CUST1035,Website,4.0,Had some issues,2024-09-18 00:21:02.271936
CUST1036,Email,3.0,Needs improvement,2024-10-09 00:21:02.271943
CUST1037,Email,,Very satisfied,2024-07-01 00:21:02.271950
CUST1038,Phone,4.0,,2024-08-04 00:21:02.271956
CUST1039,In-Person,1.0,Good support,2024-09-16 00:21:02.271960
CUST1040,Email,5.0,Very satisfied,2024-07-07 00:21:02.271964
CUST1041,Phone,4.0,Quick resolution,2024-10-06 00:21:02.271968
CUST1042,Phone,4.0,Needs improvement,2024-06-12 00:21:02.271972
CUST1043,Website,5.0,Needs improvement,2024-08-18 00:21:02.271976
CUST1044,Phone,1.0,Good support,2024-10-05 00:21:02.271980
CUST1045,In-Person,,Good support,2024-02-08 00:21:02.271984
CUST1046,Phone,,Could be better,2024-10-01 00:21:02.271987
CUST1047,Email,2.0,Disappointed,2024-07-02 00:21:02.271991
CUST1048,Email,4.0,Disappointed,2024-02-12 00:21:02.271995
CUST1049,In-Person,2.0,Not happy with the response,2024-07-06 00:21:02.271999
CUST1050,In-Person,3.0,Very satisfied,2024-11-01 00:21:02.272003
CUST1051,Website,5.0,Very satisfied,2024-02-04 00:21:02.272007
CUST1052,Phone,2.0,Very satisfied,2024-07-03 00:21:02.272011
CUST1053,In-Person,4.0,Excellent experience,2023-12-28 00:21:02.272015
CUST1054,Email,5.0,Loved it,2024-09-13 00:21:02.272019
CUST1055,Phone,1.0,Could be better,2024-06-19 00:21:02.272022
CUST1056,In-Person,3.0,Loved it,2024-06-23 00:21:02.272026
CUST1057,Website,1.0,,2024-04-03 00:21:02.272030
CUST1058,In-Person,,Could be better,2023-12-15 00:21:02.272033
CUST1059,In-Person,4.0,Quick resolution,2024-01-23 00:21:02.272038
CUST1060,Email,2.0,Not happy with the response,2024-01-12 00:21:02.272045
CUST1061,Phone,1.0,Great service,2024-05-06 00:21:02.272052
CUST1062,Phone,1.0,Good support,2024-04-11 00:21:02.272060
CUST1063,Phone,2.0,Could be better,2024-04-08 00:21:02.272067
CUST1064,Email,3.0,Quick resolution,2023-11-29 00:21:02.272075
CUST1065,Phone,1.0,Great service,2024-03-10 00:21:02.272081
CUST1066,Phone,4.0,Had some issues,2024-07-14 00:21:02.272086
CUST1067,Email,4.0,Very satisfied,2024-06-16 00:21:02.272090
CUST1068,In-Person,4.0,Good support,2024-05-20 00:21:02.272094
CUST1069,Email,3.0,,2024-06-23 00:21:02.272100
CUST1070,Email,4.0,Not happy with the response,2024-03-27 00:21:02.272103
CUST1071,Email,5.0,,2024-10-14 00:21:02.272107
CUST1072,Website,,Good support,2023-11-20 00:21:02.272111
CUST1073,Phone,1.0,Not happy with the response,2023-12-22 00:21:02.272115
CUST1074,In-Person,1.0,Excellent experience,2024-02-20 00:21:02.272120
CUST1075,In-Person,3.0,Excellent experience,2024-01-27 00:21:02.272126
CUST1076,Phone,4.0,Could be better,2023-12-26 00:21:02.272133
CUST1077,In-Person,1.0,Had some issues,2024-03-30 00:21:02.272140
CUST1078,In-Person,4.0,Good support,2024-03-08 00:21:02.272146
CUST1079,Phone,3.0,Loved it,2023-12-24 00:21:02.272152
CUST1080,In-Person,,Had some issues,2023-11-27 00:21:02.272157
CUST1081,In-Person,2.0,,2024-10-13 00:21:02.272164
CUST1082,Phone,5.0,Very satisfied,2024-03-17 00:21:02.272170
CUST1083,Website,5.0,,2023-11-15 00:21:02.272173
CUST1084,Website,2.0,,2023-11-19 00:21:02.272177
CUST1085,Email,1.0,Had some issues,2024-08-07 00:21:02.272182
CUST1086,Website,,Very satisfied,2024-03-17 00:21:02.272186
CUST1087,Phone,5.0,Disappointed,2024-05-27 00:21:02.272189
CUST1088,Website,5.0,Good support,2024-03-22 00:21:02.272194
CUST1089,Phone,4.0,Had some issues,2023-12-15 00:21:02.272198
CUST1090,In-Person,5.0,Had some issues,2024-06-18 00:21:02.272201
CUST1091,Website,,Excellent experience,2024-05-18 00:21:02.272205
CUST1092,In-Person,1.0,,2024-07-10 00:21:02.272208
CUST1093,Website,2.0,,2024-04-11 00:21:02.272212
CUST1094,In-Person,4.0,,2024-04-04 00:21:02.272215
CUST1095,Website,5.0,Great service,2024-01-16 00:21:02.272219
CUST1096,Website,3.0,Quick resolution,2024-04-05 00:21:02.272223
CUST1097,Phone,3.0,Great service,2024-04-20 00:21:02.272228
CUST1098,In-Person,4.0,Needs improvement,2024-09-01 00:21:02.272231
CUST1099,Email,5.0,Great service,2024-09-24 00:21:02.272236
CUST1100,Website,4.0,,2024-06-25 00:21:02.272241
CUST1101,Website,4.0,Quick resolution,2024-06-16 00:21:02.272250
CUST1102,Website,1.0,Good support,2024-10-10 00:21:02.272257
CUST1103,In-Person,1.0,Loved it,2024-10-16 00:21:02.272264
CUST1104,Email,2.0,Disappointed,2024-08-19 00:21:02.272270
CUST1105,Phone,1.0,Had some issues,2024-03-12 00:21:02.272274
CUST1106,In-Person,2.0,Very satisfied,2024-08-14 00:21:02.272278
CUST1107,In-Person,1.0,Disappointed,2023-11-25 00:21:02.272283
CUST1108,Website,2.0,,2023-11-18 00:21:02.272289
CUST1109,Phone,3.0,Disappointed,2024-09-05 00:21:02.272296
CUST1110,Email,4.0,Very satisfied,2024-02-20 00:21:02.272303
CUST1111,In-Person,,Needs improvement,2024-09-12 00:21:02.272309
CUST1112,Website,4.0,Quick resolution,2024-08-07 00:21:02.272315
CUST1113,In-Person,5.0,Needs improvement,2024-03-27 00:21:02.272320
CUST1114,In-Person,2.0,Very satisfied,2024-06-16 00:21:02.272324
CUST1115,Website,4.0,Loved it,2024-04-25 00:21:02.272327
CUST1116,In-Person,,Could be better,2024-03-01 00:21:02.272331
CUST1117,Phone,3.0,Disappointed,2023-11-12 00:21:02.272335
CUST1118,In-Person,5.0,Very satisfied,2024-07-05 00:21:02.272339
CUST1119,Website,2.0,Loved it,2023-11-07 00:21:02.272342
CUST1120,Website,1.0,,2024-07-15 00:21:02.272346
CUST1121,Website,3.0,Not happy with the response,2024-03-08 00:21:02.272560
CUST1122,In-Person,5.0,Needs improvement,2024-06-20 00:21:02.272573
CUST1123,In-Person,1.0,Not happy with the response,2024-09-05 00:21:02.272579
CUST1124,Phone,4.0,Disappointed,2024-02-11 00:21:02.272585
CUST1125,In-Person,2.0,Not happy with the response,2024-08-06 00:21:02.272589
CUST1126,In-Person,,Excellent experience,2024-10-13 00:21:02.272592
CUST1127,Email,2.0,Needs improvement,2024-09-14 00:21:02.272596
CUST1128,Email,4.0,Not happy with the response,2024-08-03 00:21:02.272600
CUST1129,Email,4.0,,2024-10-03 00:21:02.272605
CUST1130,Website,5.0,Great service,2024-08-20 00:21:02.272609
CUST1131,Phone,3.0,,2024-07-01 00:21:02.272613
CUST1132,Email,4.0,Disappointed,2024-07-13 00:21:02.272620
CUST1133,Website,4.0,Disappointed,2024-03-31 00:21:02.272629
CUST1134,In-Person,1.0,Very satisfied,2024-07-22 00:21:02.272635
CUST1135,Phone,1.0,,2024-08-09 00:21:02.272642
CUST1136,Email,4.0,Disappointed,2024-03-10 00:21:02.272648
CUST1137,In-Person,,Excellent experience,2023-11-12 00:21:02.272652
CUST1138,Website,,Excellent experience,2023-12-21 00:21:02.272656
CUST1139,Phone,5.0,Could be better,2024-06-22 00:21:02.272660
CUST1140,Phone,,,2024-06-01 00:21:02.272663
CUST1141,In-Person,4.0,Quick resolution,2024-06-19 00:21:02.272667
CUST1142,Website,5.0,,2024-03-29 00:21:02.272670
CUST1143,In-Person,1.0,,2023-11-26 00:21:02.272674
CUST1144,Email,3.0,Could be better,2024-03-10 00:21:02.272678
CUST1145,Website,2.0,Quick resolution,2023-12-16 00:21:02.272682
CUST1146,Website,4.0,Not happy with the response,2024-05-25 00:21:02.272686
CUST1147,Email,3.0,Needs improvement,2024-06-11 00:21:02.272690
CUST1148,Website,5.0,,2024-09-21 00:21:02.272693
CUST1149,In-Person,1.0,Quick resolution,2024-02-16 00:21:02.272698
CUST1150,Email,5.0,Great service,2024-08-01 00:21:02.272702
CUST1151,In-Person,4.0,Great service,2024-07-24 00:21:02.272705
CUST1152,In-Person,3.0,Needs improvement,2024-09-04 00:21:02.272710
CUST1153,Email,5.0,Could be better,2024-05-30 00:21:02.272714
CUST1154,Email,1.0,Very satisfied,2024-03-14 00:21:02.272718
CUST1155,Email,2.0,Excellent experience,2024-02-19 00:21:02.272722
CUST1156,In-Person,4.0,Had some issues,2024-03-17 00:21:02.272726
CUST1157,Phone,5.0,Could be better,2024-10-01 00:21:02.272729
CUST1158,In-Person,4.0,Good support,2024-06-22 00:21:02.272733
CUST1159,Email,3.0,Disappointed,2023-12-04 00:21:02.272737
CUST1160,Website,4.0,Not happy with the response,2024-05-19 00:21:02.272741
CUST1161,Website,3.0,Had some issues,2024-01-18 00:21:02.272748
CUST1162,Website,4.0,,2024-03-08 00:21:02.272755
CUST1163,Website,2.0,Great service,2024-09-02 00:21:02.272762
CUST1164,In-Person,4.0,,2024-03-17 00:21:02.272768
CUST1165,Email,4.0,Could be better,2024-09-28 00:21:02.272775
CUST1166,Website,3.0,Quick resolution,2023-12-09 00:21:02.272781
CUST1167,Email,5.0,Not happy with the response,2023-12-21 00:21:02.272788
CUST1168,Website,1.0,Had some issues,2023-12-18 00:21:02.272793
CUST1169,In-Person,1.0,Very satisfied,2023-12-17 00:21:02.272798
CUST1170,Email,3.0,Great service,2024-05-23 00:21:02.272802
CUST1171,Email,3.0,Had some issues,2024-02-08 00:21:02.272805
CUST1172,Website,2.0,,2024-09-26 00:21:02.272809
CUST1173,Website,2.0,Disappointed,2024-08-24 00:21:02.272814
CUST1174,Phone,3.0,Loved it,2024-11-01 00:21:02.272818
CUST1175,Website,5.0,,2024-03-24 00:21:02.272821
CUST1176,In-Person,3.0,Quick resolution,2023-11-18 00:21:02.272825
CUST1177,In-Person,3.0,,2024-04-23 00:21:02.272829
CUST1178,Website,4.0,Disappointed,2024-06-07 00:21:02.272832
CUST1179,In-Person,,Quick resolution,2024-06-18 00:21:02.272836
CUST1180,Email,1.0,Needs improvement,2024-06-12 00:21:02.272840
CUST1181,Phone,3.0,Had some issues,2023-12-24 00:21:02.272844
CUST1182,In-Person,2.0,Loved it,2023-12-11 00:21:02.272848
CUST1183,Email,4.0,,2024-05-03 00:21:02.272852
CUST1184,Phone,,Quick resolution,2024-08-08 00:21:02.272857
CUST1185,Phone,5.0,Not happy with the response,2024-02-08 00:21:02.272863
CUST1186,In-Person,3.0,Needs improvement,2024-06-07 00:21:02.272871
CUST1187,In-Person,4.0,Could be better,2024-07-13 00:21:02.272877
CUST1188,Website,5.0,Quick resolution,2024-10-29 00:21:02.272884
CUST1189,In-Person,4.0,Loved it,2024-06-24 00:21:02.272890
CUST1190,Website,3.0,,2024-07-09 00:21:02.272896
CUST1191,Website,,Good support,2024-05-22 00:21:02.272901
CUST1192,Phone,4.0,Excellent experience,2023-12-09 00:21:02.272907
CUST1193,Website,1.0,Excellent experience,2024-02-27 00:21:02.272912
CUST1194,Email,,Could be better,2024-04-21 00:21:02.272915
CUST1195,Website,5.0,Could be better,2024-04-07 00:21:02.272920
CUST1196,Email,5.0,Excellent experience,2024-10-20 00:21:02.272924
CUST1197,In-Person,4.0,Not happy with the response,2024-09-16 00:21:02.272930
CUST1198,In-Person,3.0,,2024-06-17 00:21:02.272936
CUST1199,Phone,4.0,,2024-07-20 00:21:02.272942
CUST1200,Email,,Could be better,2024-01-21 00:21:02.272948
CUST1201,Phone,,Had some issues,2024-01-10 00:21:02.272955
CUST1202,Phone,2.0,Could be better,2024-01-05 00:21:02.272961
CUST1203,Email,2.0,Good support,2024-06-30 00:21:02.272968
CUST1204,Phone,1.0,,2024-05-06 00:21:02.272973
CUST1205,Phone,1.0,,2024-10-10 00:21:02.272979
CUST1206,Phone,5.0,,2024-10-04 00:21:02.272985
CUST1207,Website,3.0,Very satisfied,2024-03-19 00:21:02.272990
CUST1208,Phone,1.0,Loved it,2024-02-13 00:21:02.272994
CUST1209,In-Person,1.0,,2024-03-05 00:21:02.272998
CUST1210,Website,1.0,Needs improvement,2024-09-29 00:21:02.273006
CUST1211,Email,2.0,,2024-06-18 00:21:02.273012
CUST1212,In-Person,5.0,Needs improvement,2024-02-21 00:21:02.273019
CUST1213,Website,,Loved it,2023-12-08 00:21:02.273024
CUST1214,Phone,2.0,Needs improvement,2024-04-15 00:21:02.273032
CUST1215,Website,3.0,Loved it,2024-06-28 00:21:02.273038
CUST1216,In-Person,4.0,,2024-09-23 00:21:02.273045
CUST1217,Email,3.0,Good support,2024-10-06 00:21:02.273051
CUST1218,In-Person,4.0,Loved it,2024-04-03 00:21:02.273055
CUST1219,Email,5.0,Very satisfied,2024-01-15 00:21:02.273059
CUST1220,Phone,4.0,Very satisfied,2024-05-10 00:21:02.273063
CUST1221,In-Person,3.0,Quick resolution,2024-01-23 00:21:02.273068
CUST1222,Email,3.0,,2024-06-19 00:21:02.273072
CUST1223,In-Person,3.0,,2024-08-24 00:21:02.273076
CUST1224,Website,,Great service,2024-09-20 00:21:02.273079
CUST1225,Phone,4.0,Not happy with the response,2024-05-30 00:21:02.273083
CUST1226,In-Person,5.0,Great service,2024-08-18 00:21:02.273087
CUST1227,Phone,1.0,Excellent experience,2024-03-24 00:21:02.273091
CUST1228,Website,4.0,Had some issues,2024-02-17 00:21:02.273094
CUST1229,Email,1.0,Loved it,2024-01-07 00:21:02.273100
CUST1230,Website,3.0,,2024-04-17 00:21:02.273106
CUST1231,Email,,Had some issues,2024-08-27 00:21:02.273112
CUST1232,In-Person,1.0,,2024-03-30 00:21:02.273118
CUST1233,Phone,5.0,Good support,2024-01-24 00:21:02.273125
CUST1234,In-Person,,Great service,2024-03-27 00:21:02.273131
CUST1235,Email,1.0,Disappointed,2024-03-31 00:21:02.273138
CUST1236,Website,4.0,Quick resolution,2024-10-26 00:21:02.273144
CUST1237,In-Person,5.0,Not happy with the response,2024-09-21 00:21:02.273151
CUST1238,Website,2.0,Quick resolution,2024-02-11 00:21:02.273157
CUST1239,Email,3.0,Had some issues,2024-05-19 00:21:02.273163
CUST1240,Phone,,Good support,2024-02-18 00:21:02.273167
CUST1241,Phone,3.0,Loved it,2024-08-22 00:21:02.273171
CUST1242,Phone,3.0,,2024-01-02 00:21:02.273175
CUST1243,Phone,1.0,,2023-12-20 00:21:02.273178
CUST1244,Website,5.0,Needs improvement,2023-11-23 00:21:02.273182
CUST1245,In-Person,3.0,,2024-10-02 00:21:02.273186
CUST1246,Website,3.0,Disappointed,2024-10-08 00:21:02.273190
CUST1247,In-Person,3.0,Great service,2024-10-07 00:21:02.273193
CUST1248,In-Person,1.0,Very satisfied,2023-12-27 00:21:02.273201
CUST1249,Website,5.0,Great service,2024-03-20 00:21:02.273208
CUST1250,Phone,4.0,Great service,2024-03-20 00:21:02.273215
CUST1251,Email,3.0,Very satisfied,2024-02-21 00:21:02.273220
CUST1252,Phone,,Needs improvement,2024-02-11 00:21:02.273224
CUST1253,Phone,3.0,Not happy with the response,2023-11-24 00:21:02.273230
CUST1254,Email,3.0,,2024-09-18 00:21:02.273236
CUST1255,Website,5.0,Not happy with the response,2024-09-25 00:21:02.273243
CUST1256,Phone,3.0,Loved it,2024-04-19 00:21:02.273249
CUST1257,Phone,1.0,Quick resolution,2023-12-12 00:21:02.273253
CUST1258,In-Person,5.0,,2023-11-28 00:21:02.273257
CUST1259,Website,1.0,Could be better,2024-07-19 00:21:02.273262
CUST1260,In-Person,4.0,,2024-08-27 00:21:02.273268
CUST1261,Phone,,Very satisfied,2024-02-20 00:21:02.273275
CUST1262,Email,5.0,,2024-04-27 00:21:02.273282
CUST1263,Phone,5.0,Could be better,2024-03-26 00:21:02.273288
CUST1264,Email,2.0,Disappointed,2024-06-13 00:21:02.273295
CUST1265,Website,2.0,Needs improvement,2024-07-29 00:21:02.273299
CUST1266,In-Person,5.0,Needs improvement,2024-06-14 00:21:02.273303
CUST1267,Website,4.0,Had some issues,2024-01-01 00:21:02.273307
CUST1268,Phone,1.0,Not happy with the response,2024-01-27 00:21:02.273312
CUST1269,Email,5.0,Excellent experience,2024-09-24 00:21:02.273319
CUST1270,Phone,5.0,,2024-03-27 00:21:02.273324
CUST1271,Email,2.0,Not happy with the response,2024-10-23 00:21:02.273331
CUST1272,Website,,Had some issues,2024-04-22 00:21:02.273337
CUST1273,Email,1.0,Very satisfied,2023-11-06 00:21:02.273344
CUST1274,In-Person,2.0,,2024-03-09 00:21:02.273350
CUST1275,Phone,4.0,Great service,2024-09-26 00:21:02.273357
CUST1276,Email,2.0,Disappointed,2024-02-09 00:21:02.273363
CUST1277,Website,3.0,Very satisfied,2024-10-12 00:21:02.273370
CUST1278,Phone,5.0,Very satisfied,2024-02-24 00:21:02.273376
CUST1279,Email,5.0,Could be better,2024-06-09 00:21:02.273382
CUST1280,Website,,Disappointed,2024-04-06 00:21:02.273386
CUST1281,Phone,1.0,Not happy with the response,2024-10-02 00:21:02.273390
CUST1282,Email,4.0,,2024-04-21 00:21:02.273394
CUST1283,In-Person,1.0,Very satisfied,2024-05-13 00:21:02.273398
CUST1284,Phone,1.0,Not happy with the response,2024-08-29 00:21:02.273402
CUST1285,Email,3.0,Could be better,2023-11-21 00:21:02.273406
CUST1286,Website,4.0,Could be better,2024-10-04 00:21:02.273410
CUST1287,Website,,Had some issues,2024-10-15 00:21:02.273413
CUST1288,In-Person,5.0,Good support,2024-03-08 00:21:02.273417
CUST1289,In-Person,,Excellent experience,2024-05-07 00:21:02.273421
CUST1290,Email,3.0,Not happy with the response,2024-03-27 00:21:02.273425
CUST1291,Website,4.0,Could be better,2024-02-25 00:21:02.273429
CUST1292,Website,5.0,Very satisfied,2024-04-02 00:21:02.273433
CUST1293,Email,2.0,Not happy with the response,2024-09-14 00:21:02.273438
CUST1294,Email,3.0,Disappointed,2024-04-01 00:21:02.273442
CUST1295,Phone,3.0,Not happy with the response,2023-12-27 00:21:02.273446
CUST1296,Website,1.0,,2023-12-15 00:21:02.273450
CUST1297,Website,2.0,Could be better,2023-12-30 00:21:02.273454
CUST1298,Website,,,2023-12-11 00:21:02.273457
CUST1299,In-Person,5.0,,2024-08-19 00:21:02.273461
CUST1300,Website,3.0,Very satisfied,2024-01-17 00:21:02.273465
CUST1301,Phone,4.0,Excellent experience,2024-07-01 00:21:02.273468
CUST1302,Email,,,2024-02-14 00:21:02.273472
CUST1303,Website,1.0,Excellent experience,2023-11-11 00:21:02.273475
CUST1304,Website,5.0,Needs improvement,2024-07-26 00:21:02.273479
CUST1305,Email,1.0,Needs improvement,2024-09-22 00:21:02.273483
CUST1306,In-Person,1.0,Excellent experience,2024-06-05 00:21:02.273489
CUST1307,Phone,2.0,Good support,2024-07-14 00:21:02.273496
CUST1308,Email,2.0,Needs improvement,2024-10-23 00:21:02.273502
CUST1309,In-Person,3.0,Good support,2024-08-31 00:21:02.273510
CUST1310,Email,,Needs improvement,2024-02-10 00:21:02.273517
CUST1311,Website,5.0,,2024-05-27 00:21:02.273523
CUST1312,Email,5.0,Good support,2023-12-14 00:21:02.273527
CUST1313,Phone,2.0,Great service,2024-09-03 00:21:02.273531
CUST1314,Phone,2.0,Had some issues,2024-05-12 00:21:02.273535
CUST1315,In-Person,3.0,,2024-01-28 00:21:02.273538
CUST1316,In-Person,3.0,Very satisfied,2024-02-22 00:21:02.273542
CUST1317,Phone,5.0,,2023-12-04 00:21:02.273546
CUST1318,In-Person,5.0,,2024-10-22 00:21:02.273550
CUST1319,Email,,Disappointed,2024-06-23 00:21:02.273553
CUST1320,Phone,4.0,Great service,2024-02-25 00:21:02.273557
CUST1321,In-Person,3.0,Loved it,2024-04-12 00:21:02.273561
CUST1322,In-Person,1.0,,2024-04-07 00:21:02.273564
CUST1323,Website,3.0,Not happy with the response,2024-05-26 00:21:02.273568
CUST1324,In-Person,2.0,Good support,2024-01-23 00:21:02.273572
CUST1325,Email,4.0,,2024-03-20 00:21:02.273577
CUST1326,Phone,1.0,Quick resolution,2023-12-26 00:21:02.273581
CUST1327,Website,2.0,Disappointed,2024-05-29 00:21:02.273585
CUST1328,Phone,4.0,Needs improvement,2024-02-24 00:21:02.273589
CUST1329,In-Person,1.0,Good support,2024-03-16 00:21:02.273593
CUST1330,Phone,3.0,,2024-06-14 00:21:02.273597
CUST1331,Website,4.0,Great service,2024-09-11 00:21:02.273604
CUST1332,Website,3.0,Quick resolution,2024-05-02 00:21:02.273610
CUST1333,Email,5.0,Not happy with the response,2024-01-27 00:21:02.273617
CUST1334,In-Person,,Good support,2024-06-15 00:21:02.273622
CUST1335,Email,1.0,Not happy with the response,2024-01-25 00:21:02.273630
CUST1336,In-Person,2.0,Quick resolution,2024-02-23 00:21:02.273637
CUST1337,Email,,,2024-05-19 00:21:02.273642
CUST1338,Website,2.0,Good support,2024-08-26 00:21:02.273648
CUST1339,In-Person,3.0,,2023-12-26 00:21:02.273654
CUST1340,In-Person,5.0,Good support,2024-02-29 00:21:02.273658
CUST1341,In-Person,1.0,Loved it,2024-09-10 00:21:02.273662
CUST1342,Website,1.0,Excellent experience,2023-12-06 00:21:02.273666
CUST1343,Phone,5.0,Good support,2023-12-19 00:21:02.273671
CUST1344,Website,2.0,,2023-11-13 00:21:02.273674
CUST1345,Email,4.0,Could be better,2024-04-08 00:21:02.273678
CUST1346,Phone,5.0,Great service,2023-11-10 00:21:02.273682
CUST1347,Phone,5.0,Loved it,2024-03-06 00:21:02.273686
CUST1348,Website,2.0,Good support,2024-05-14 00:21:02.273691
CUST1349,In-Person,3.0,Had some issues,2024-07-02 00:21:02.273699
CUST1350,In-Person,2.0,Excellent experience,2024-06-11 00:21:02.273705
CUST1351,Phone,4.0,Not happy with the response,2024-01-24 00:21:02.273711
CUST1352,In-Person,5.0,Quick resolution,2024-04-17 00:21:02.273718
CUST1353,In-Person,2.0,Excellent experience,2023-11-06 00:21:02.273726
CUST1354,Email,4.0,Needs improvement,2024-07-19 00:21:02.273730
CUST1355,Phone,3.0,Excellent experience,2024-08-27 00:21:02.273734
CUST1356,Email,5.0,Great service,2023-11-29 00:21:02.273738
CUST1357,Phone,1.0,,2024-05-20 00:21:02.273742
CUST1358,Website,2.0,,2024-01-29 00:21:02.273746
CUST1359,Phone,4.0,Had some issues,2024-06-11 00:21:02.273750
CUST1360,In-Person,1.0,Very satisfied,2023-12-08 00:21:02.273755
CUST1361,Phone,1.0,Could be better,2024-04-06 00:21:02.273759
CUST1362,Phone,1.0,Quick resolution,2024-02-26 00:21:02.273763
CUST1363,Phone,3.0,Great service,2024-06-06 00:21:02.273767
CUST1364,Email,3.0,Loved it,2024-02-01 00:21:02.273771
CUST1365,Website,2.0,Needs improvement,2024-06-19 00:21:02.273775
CUST1366,Phone,3.0,,2024-03-16 00:21:02.273778
CUST1367,In-Person,1.0,Excellent experience,2024-01-20 00:21:02.273782
CUST1368,Phone,4.0,Good support,2024-05-22 00:21:02.273786
CUST1369,Email,1.0,,2024-08-26 00:21:02.273790
CUST1370,Website,2.0,,2024-04-23 00:21:02.273793
CUST1371,Phone,3.0,Excellent experience,2024-01-12 00:21:02.273798
CUST1372,Email,3.0,Great service,2023-11-30 00:21:02.273802
CUST1373,Email,2.0,Good support,2023-11-11 00:21:02.273806
CUST1374,In-Person,3.0,Had some issues,2024-07-16 00:21:02.273810
CUST1375,Phone,4.0,Disappointed,2024-04-28 00:21:02.273815
CUST1376,Website,4.0,Loved it,2024-07-17 00:21:02.273822
CUST1377,Phone,5.0,Very satisfied,2024-02-10 00:21:02.273829
CUST1378,Website,3.0,,2024-01-22 00:21:02.273834
CUST1379,Email,,Good support,2024-07-25 00:21:02.273840
CUST1380,Phone,5.0,Loved it,2024-07-23 00:21:02.273847
CUST1381,Website,,Great service,2024-03-18 00:21:02.273853
CUST1382,Phone,4.0,Good support,2024-03-14 00:21:02.273859
CUST1383,In-Person,4.0,Great service,2024-07-17 00:21:02.273866
CUST1384,Email,,Very satisfied,2024-02-02 00:21:02.273870
CUST1385,Email,1.0,Needs improvement,2024-10-20 00:21:02.273874
CUST1386,In-Person,2.0,Loved it,2024-04-04 00:21:02.273878
CUST1387,In-Person,4.0,Quick resolution,2024-04-27 00:21:02.273882
CUST1388,Email,5.0,,2024-05-11 00:21:02.273885
CUST1389,Email,5.0,Could be better,2024-07-14 00:21:02.273890
CUST1390,Email,3.0,Good support,2024-04-02 00:21:02.273895
CUST1391,Website,2.0,Could be better,2024-06-17 00:21:02.273899
CUST1392,Phone,1.0,,2023-12-03 00:21:02.273902
CUST1393,Website,1.0,Very satisfied,2024-09-15 00:21:02.273907
CUST1394,Email,1.0,Great service,2024-04-14 00:21:02.273911
CUST1395,Website,2.0,Great service,2024-08-26 00:21:02.273915
CUST1396,In-Person,5.0,Disappointed,2023-11-27 00:21:02.273919
CUST1397,In-Person,2.0,Good support,2024-07-15 00:21:02.273923
CUST1398,Website,1.0,Disappointed,2024-08-08 00:21:02.273926
CUST1399,Website,1.0,Loved it,2023-11-28 00:21:02.273930
CUST1400,Website,3.0,Quick resolution,2024-08-21 00:21:02.273935
CUST1401,In-Person,5.0,Had some issues,2024-06-05 00:21:02.273943
CUST1402,Phone,1.0,Quick resolution,2024-01-25 00:21:02.273950
CUST1403,Phone,3.0,Loved it,2024-09-26 00:21:02.273956
CUST1404,Website,1.0,Had some issues,2024-10-10 00:21:02.273962
CUST1405,In-Person,5.0,Very satisfied,2024-08-01 00:21:02.273969
CUST1406,Phone,3.0,Great service,2024-07-20 00:21:02.273975
CUST1407,Phone,1.0,Needs improvement,2024-07-04 00:21:02.273978
CUST1408,Phone,2.0,Excellent experience,2024-04-25 00:21:02.273982
CUST1409,Website,3.0,Not happy with the response,2024-02-17 00:21:02.273986
CUST1410,Website,4.0,Not happy with the response,2024-07-24 00:21:02.273990
CUST1411,In-Person,1.0,Had some issues,2024-08-23 00:21:02.273994
CUST1412,Email,5.0,Quick resolution,2024-06-07 00:21:02.273998
CUST1413,Phone,2.0,Had some issues,2024-02-24 00:21:02.274002
CUST1414,In-Person,4.0,Loved it,2024-02-28 00:21:02.274006
CUST1415,Website,3.0,,2024-01-31 00:21:02.274009
CUST1416,Website,5.0,Great service,2024-02-11 00:21:02.274013
CUST1417,Email,1.0,Loved it,2024-10-12 00:21:02.274017
CUST1418,Email,2.0,,2024-08-20 00:21:02.274021
CUST1419,Email,4.0,Disappointed,2023-12-15 00:21:02.274025
CUST1420,Website,1.0,,2024-01-28 00:21:02.274029
CUST1421,Website,,Excellent experience,2024-02-05 00:21:02.274033
CUST1422,In-Person,,Loved it,2024-03-30 00:21:02.274037
CUST1423,Phone,1.0,Had some issues,2024-07-30 00:21:02.274041
CUST1424,In-Person,3.0,Very satisfied,2024-04-28 00:21:02.274045
CUST1425,Website,2.0,Had some issues,2024-06-05 00:21:02.274049
CUST1426,Email,1.0,,2024-04-25 00:21:02.274053
CUST1427,Website,1.0,Could be better,2024-09-24 00:21:02.274057
CUST1428,Website,3.0,Very satisfied,2024-02-09 00:21:02.274061
CUST1429,Email,5.0,Great service,2024-09-28 00:21:02.274065
CUST1430,In-Person,5.0,Could be better,2024-05-28 00:21:02.274069
CUST1431,Email,5.0,,2023-11-07 00:21:02.274072
CUST1432,Website,3.0,,2024-07-05 00:21:02.274076
CUST1433,Website,5.0,Could be better,2023-11-19 00:21:02.274081
CUST1434,Email,3.0,,2024-03-27 00:21:02.274086
CUST1435,Phone,3.0,Disappointed,2024-01-06 00:21:02.274093
CUST1436,Website,3.0,,2024-06-19 00:21:02.274099
CUST1437,Website,3.0,Quick resolution,2024-03-29 00:21:02.274106
CUST1438,Phone,4.0,,2023-12-25 00:21:02.274112
CUST1439,In-Person,1.0,,2024-08-19 00:21:02.274119
CUST1440,Website,2.0,Not happy with the response,2024-05-05 00:21:02.274124
CUST1441,Email,,Needs improvement,2024-05-05 00:21:02.274127
CUST1442,In-Person,1.0,,2024-03-21 00:21:02.274130
CUST1443,Website,1.0,Very satisfied,2024-01-05 00:21:02.274135
CUST1444,In-Person,1.0,Quick resolution,2024-09-23 00:21:02.274139
CUST1445,Phone,2.0,Could be better,2024-08-26 00:21:02.274143
CUST1446,In-Person,4.0,,2024-08-12 00:21:02.274147
CUST1447,Website,3.0,Very satisfied,2024-05-05 00:21:02.274150
CUST1448,In-Person,4.0,Had some issues,2024-03-16 00:21:02.274154
CUST1449,Email,1.0,Not happy with the response,2023-12-24 00:21:02.274158
CUST1450,Website,3.0,Quick resolution,2023-12-08 00:21:02.274162
CUST1451,Phone,5.0,Had some issues,2024-03-05 00:21:02.274166
CUST1452,In-Person,4.0,Excellent experience,2023-11-16 00:21:02.274169
CUST1453,Website,2.0,Excellent experience,2024-04-18 00:21:02.274174
CUST1454,In-Person,5.0,,2024-01-31 00:21:02.274178
CUST1455,Phone,5.0,,2024-03-14 00:21:02.274181
CUST1456,Phone,3.0,Very satisfied,2024-04-10 00:21:02.274186
CUST1457,Website,3.0,Loved it,2024-08-19 00:21:02.274194
CUST1458,Website,1.0,Disappointed,2024-03-05 00:21:02.274201
CUST1459,Website,4.0,Not happy with the response,2023-11-12 00:21:02.274208
CUST1460,Email,2.0,Not happy with the response,2024-08-12 00:21:02.274216
CUST1461,Email,4.0,Not happy with the response,2024-03-30 00:21:02.274223
CUST1462,Email,,Good support,2024-02-14 00:21:02.274229
CUST1463,Phone,4.0,Loved it,2024-01-09 00:21:02.274236
CUST1464,Phone,1.0,Excellent experience,2024-04-07 00:21:02.274242
CUST1465,Email,2.0,Not happy with the response,2024-03-17 00:21:02.274247
CUST1466,Phone,3.0,Needs improvement,2023-11-15 00:21:02.274251
CUST1467,Website,3.0,,2023-11-08 00:21:02.274255
CUST1468,Email,,Very satisfied,2023-11-25 00:21:02.274258
CUST1469,Phone,2.0,Good support,2024-08-16 00:21:02.274262
CUST1470,In-Person,4.0,Quick resolution,2023-12-19 00:21:02.274266
CUST1471,Phone,4.0,Disappointed,2024-07-27 00:21:02.274270
CUST1472,Website,4.0,,2024-07-19 00:21:02.274273
CUST1473,Phone,1.0,Good support,2024-08-02 00:21:02.274278
CUST1474,In-Person,4.0,,2023-11-28 00:21:02.274284
CUST1475,Website,3.0,Disappointed,2024-04-19 00:21:02.274291
CUST1476,Email,4.0,Loved it,2023-11-10 00:21:02.274297
CUST1477,In-Person,5.0,,2024-08-29 00:21:02.274301
CUST1478,In-Person,3.0,,2024-04-28 00:21:02.274307
CUST1479,Phone,4.0,Disappointed,2024-04-23 00:21:02.274313
CUST1480,Website,5.0,Loved it,2024-08-09 00:21:02.274320
CUST1481,Phone,2.0,,2024-03-20 00:21:02.274326
CUST1482,Email,1.0,Had some issues,2024-04-23 00:21:02.274330
CUST1483,Website,4.0,Needs improvement,2024-02-29 00:21:02.274334
CUST1484,Phone,,,2024-07-16 00:21:02.274338
CUST1485,In-Person,,Excellent experience,2024-08-11 00:21:02.274347
CUST1486,Website,4.0,Very satisfied,2024-01-17 00:21:02.274354
CUST1487,Email,5.0,Not happy with the response,2024-02-02 00:21:02.274361
CUST1488,Email,4.0,Quick resolution,2024-09-14 00:21:02.274380
CUST1489,Phone,1.0,Not happy with the response,2024-09-22 00:21:02.274388
CUST1490,Website,1.0,Had some issues,2024-07-21 00:21:02.274394
CUST1491,In-Person,5.0,Could be better,2023-12-26 00:21:02.274399
CUST1492,Phone,2.0,Disappointed,2024-05-10 00:21:02.274403
CUST1493,In-Person,2.0,Excellent experience,2024-06-10 00:21:02.274407
CUST1494,In-Person,5.0,Loved it,2024-09-18 00:21:02.274411
CUST1495,Phone,4.0,Excellent experience,2023-12-06 00:21:02.274416
CUST1496,Phone,2.0,Not happy with the response,2024-07-02 00:21:02.274421
CUST1497,Website,5.0,Loved it,2024-04-07 00:21:02.274427
CUST1498,Website,1.0,Excellent experience,2023-11-16 00:21:02.274434
CUST1499,In-Person,4.0,Great service,2024-09-19 00:21:02.274440
CUST1500,Website,3.0,Good support,2024-04-16 00:21:02.274447
CUST1501,Phone,2.0,Not happy with the response,2024-06-13 00:21:02.274453
CUST1502,In-Person,2.0,Needs improvement,2024-05-14 00:21:02.274459
CUST1503,Email,,Needs improvement,2024-10-28 00:21:02.274466
CUST1504,Email,2.0,Great service,2024-03-31 00:21:02.274472
CUST1505,Phone,2.0,Excellent experience,2024-08-16 00:21:02.274478
CUST1506,In-Person,,Very satisfied,2024-04-29 00:21:02.274484
CUST1507,Phone,,Had some issues,2024-03-31 00:21:02.274491
CUST1508,Email,1.0,Very satisfied,2024-08-30 00:21:02.274497
CUST1509,Phone,4.0,,2023-11-15 00:21:02.274503
CUST1510,In-Person,4.0,Needs improvement,2024-09-30 00:21:02.274509
CUST1511,Phone,1.0,,2024-05-01 00:21:02.274513
CUST1512,In-Person,2.0,Loved it,2024-08-24 00:21:02.274517
CUST1513,Email,1.0,Could be better,2024-03-25 00:21:02.274520
CUST1514,In-Person,2.0,Disappointed,2023-11-20 00:21:02.274524
CUST1515,Website,1.0,Could be better,2024-09-03 00:21:02.274528
CUST1516,Website,4.0,Could be better,2024-07-02 00:21:02.274532
CUST1517,In-Person,2.0,Disappointed,2023-12-30 00:21:02.274536
CUST1518,In-Person,1.0,Loved it,2024-06-04 00:21:02.274540
CUST1519,Phone,5.0,,2024-04-19 00:21:02.274544
CUST1520,In-Person,2.0,Very satisfied,2024-07-05 00:21:02.274548
CUST1521,Website,1.0,Great service,2024-05-05 00:21:02.274552
CUST1522,In-Person,5.0,Good support,2023-11-22 00:21:02.274556
CUST1523,Phone,1.0,,2024-10-02 00:21:02.274560
CUST1524,Email,1.0,Quick resolution,2024-02-20 00:21:02.274564
CUST1525,In-Person,5.0,Quick resolution,2023-11-12 00:21:02.274571
CUST1526,Website,,Disappointed,2024-08-19 00:21:02.274577
CUST1527,In-Person,,,2024-07-24 00:21:02.274582
CUST1528,Phone,4.0,Loved it,2023-11-23 00:21:02.274589
CUST1529,Email,4.0,Had some issues,2024-10-07 00:21:02.274596
CUST1530,Phone,,Needs improvement,2023-12-28 00:21:02.274605
CUST1531,Email,2.0,,2023-11-09 00:21:02.274608
CUST1532,Phone,2.0,Not happy with the response,2024-02-12 00:21:02.274612
CUST1533,In-Person,2.0,Excellent experience,2024-09-06 00:21:02.274616
CUST1534,Email,4.0,Very satisfied,2024-06-24 00:21:02.274620
CUST1535,Email,5.0,Needs improvement,2024-01-20 00:21:02.274625
CUST1536,Phone,3.0,Disappointed,2023-11-26 00:21:02.274629
CUST1537,Email,5.0,,2024-10-30 00:21:02.274632
CUST1538,Phone,,Could be better,2024-08-06 00:21:02.274636
CUST1539,Email,4.0,Had some issues,2024-04-06 00:21:02.274640
CUST1540,In-Person,1.0,Very satisfied,2024-02-22 00:21:02.274644
CUST1541,Email,5.0,Quick resolution,2024-10-01 00:21:02.274648
CUST1542,Website,3.0,Good support,2024-03-17 00:21:02.274652
CUST1543,Email,3.0,Excellent experience,2023-12-23 00:21:02.274655
CUST1544,Phone,5.0,Had some issues,2024-01-31 00:21:02.274659
CUST1545,Phone,4.0,,2024-02-02 00:21:02.274663
CUST1546,In-Person,1.0,Great service,2023-12-05 00:21:02.274667
CUST1547,Website,3.0,,2024-02-08 00:21:02.274672
CUST1548,Phone,1.0,Could be better,2023-11-07 00:21:02.274679
CUST1549,In-Person,,Good support,2024-04-08 00:21:02.274687
CUST1550,In-Person,1.0,Good support,2024-08-29 00:21:02.274693
CUST1551,Website,,Quick resolution,2023-12-02 00:21:02.274698
CUST1552,Phone,3.0,Quick resolution,2023-11-13 00:21:02.274705
CUST1553,In-Person,3.0,Had some issues,2024-08-28 00:21:02.274712
CUST1554,Email,2.0,Not happy with the response,2024-04-11 00:21:02.274718
CUST1555,Email,2.0,Needs improvement,2024-06-23 00:21:02.274725
CUST1556,Email,,Excellent experience,2023-11-11 00:21:02.274731
CUST1557,Email,3.0,,2023-11-07 00:21:02.274735
CUST1558,Phone,4.0,Loved it,2024-06-05 00:21:02.274739
CUST1559,In-Person,2.0,,2024-04-12 00:21:02.274743
CUST1560,Website,5.0,Needs improvement,2024-09-14 00:21:02.274747
CUST1561,Phone,1.0,Had some issues,2024-08-31 00:21:02.274751
CUST1562,Phone,3.0,Loved it,2024-09-23 00:21:02.274755
CUST1563,In-Person,1.0,,2024-10-03 00:21:02.274758
CUST1564,Phone,4.0,Very satisfied,2024-05-20 00:21:02.274762
CUST1565,Email,,Could be better,2024-01-17 00:21:02.274767
CUST1566,Website,4.0,Quick resolution,2023-11-22 00:21:02.274774
CUST1567,Website,2.0,Excellent experience,2024-06-15 00:21:02.274780
CUST1568,Website,1.0,Disappointed,2024-07-03 00:21:02.274787
CUST1569,In-Person,5.0,Very satisfied,2024-06-15 00:21:02.274794
CUST1570,Website,2.0,Good support,2024-07-01 00:21:02.274799
CUST1571,Email,3.0,Needs improvement,2024-05-13 00:21:02.274803
CUST1572,In-Person,2.0,,2024-01-05 00:21:02.274807
CUST1573,Phone,,Excellent experience,2024-10-07 00:21:02.274814
CUST1574,Website,5.0,Could be better,2024-09-15 00:21:02.274818
CUST1575,Phone,3.0,Great service,2024-07-16 00:21:02.274822
CUST1576,Website,2.0,,2024-01-07 00:21:02.274829
CUST1577,In-Person,3.0,Great service,2023-11-11 00:21:02.274836
CUST1578,In-Person,5.0,,2024-08-01 00:21:02.274841
CUST1579,Website,2.0,Very satisfied,2024-10-08 00:21:02.274848
CUST1580,Phone,1.0,Great service,2024-05-20 00:21:02.274852
CUST1581,Phone,3.0,Not happy with the response,2024-10-06 00:21:02.274856
CUST1582,Email,2.0,Good support,2024-05-03 00:21:02.274861
CUST1583,Email,4.0,Not happy with the response,2024-06-04 00:21:02.274865
CUST1584,In-Person,2.0,Quick resolution,2023-12-14 00:21:02.274868
CUST1585,Website,2.0,Good support,2023-11-16 00:21:02.274872
CUST1586,In-Person,5.0,Quick resolution,2024-06-01 00:21:02.274876
CUST1587,In-Person,1.0,Disappointed,2024-04-19 00:21:02.274880
CUST1588,Email,3.0,Disappointed,2024-07-15 00:21:02.274884
CUST1589,Email,2.0,Very satisfied,2024-07-07 00:21:02.274888
CUST1590,In-Person,2.0,Very satisfied,2023-11-09 00:21:02.274894
CUST1591,In-Person,3.0,Very satisfied,2024-05-10 00:21:02.274901
CUST1592,In-Person,1.0,,2024-03-26 00:21:02.274907
CUST1593,Website,4.0,Quick resolution,2024-05-10 00:21:02.274928
CUST1594,Website,4.0,Disappointed,2023-12-08 00:21:02.274935
CUST1595,Phone,1.0,Great service,2024-06-08 00:21:02.274942
CUST1596,Email,1.0,,2024-08-10 00:21:02.274945
CUST1597,Website,1.0,Very satisfied,2024-05-16 00:21:02.274949
CUST1598,Website,4.0,Could be better,2023-12-31 00:21:02.274953
CUST1599,Website,1.0,Had some issues,2024-04-10 00:21:02.274958
CUST1600,In-Person,3.0,Great service,2024-04-18 00:21:02.274962
CUST1601,Website,3.0,,2024-09-22 00:21:02.274965
CUST1602,In-Person,5.0,Very satisfied,2024-10-23 00:21:02.274969
CUST1603,Phone,3.0,Needs improvement,2024-09-07 00:21:02.274973
CUST1604,In-Person,4.0,Loved it,2024-06-23 00:21:02.274976
CUST1605,Email,4.0,,2024-04-24 00:21:02.274980
CUST1606,In-Person,1.0,Needs improvement,2024-06-24 00:21:02.274984
CUST1607,Phone,5.0,,2023-11-15 00:21:02.274987
CUST1608,Email,,Good support,2024-04-08 00:21:02.274991
CUST1609,Phone,4.0,Quick resolution,2024-02-05 00:21:02.274994
CUST1610,Website,2.0,Very satisfied,2024-04-17 00:21:02.275000
CUST1611,Email,5.0,Loved it,2023-12-24 00:21:02.275004
CUST1612,Phone,4.0,,2024-08-12 00:21:02.275008
CUST1613,Phone,2.0,,2024-09-26 00:21:02.275013
CUST1614,Website,2.0,Excellent experience,2024-05-26 00:21:02.275020
CUST1615,Email,,Good support,2024-05-23 00:21:02.275025
CUST1616,In-Person,1.0,Disappointed,2024-01-10 00:21:02.275031
CUST1617,Website,2.0,,2024-01-09 00:21:02.275037
CUST1618,Email,5.0,Excellent experience,2024-02-05 00:21:02.275045
CUST1619,In-Person,3.0,Needs improvement,2024-01-18 00:21:02.275052
CUST1620,Website,,Could be better,2023-12-25 00:21:02.275058
CUST1621,Website,,Not happy with the response,2023-11-18 00:21:02.275061
CUST1622,Phone,,Excellent experience,2024-04-29 00:21:02.275065
CUST1623,Email,3.0,Needs improvement,2023-11-15 00:21:02.275069
CUST1624,Email,2.0,,2024-03-24 00:21:02.275072
CUST1625,In-Person,4.0,Very satisfied,2024-08-01 00:21:02.275076
CUST1626,Website,4.0,Good support,2024-04-28 00:21:02.275080
CUST1627,Email,2.0,,2023-11-08 00:21:02.275084
CUST1628,Website,5.0,Great service,2024-08-09 00:21:02.275088
CUST1629,Phone,2.0,Had some issues,2024-10-20 00:21:02.275091
CUST1630,Website,,Had some issues,2024-06-18 00:21:02.275095
CUST1631,In-Person,5.0,Very satisfied,2023-11-23 00:21:02.275098
CUST1632,Email,4.0,Could be better,2024-03-08 00:21:02.275102
CUST1633,In-Person,3.0,Very satisfied,2024-06-13 00:21:02.275106
CUST1634,Email,2.0,Had some issues,2024-07-15 00:21:02.275111
CUST1635,Phone,3.0,Good support,2024-10-26 00:21:02.275118
CUST1636,Email,2.0,Disappointed,2024-11-01 00:21:02.275124
CUST1637,Phone,3.0,Loved it,2024-06-18 00:21:02.275130
CUST1638,Website,3.0,Had some issues,2024-03-12 00:21:02.275137
CUST1639,In-Person,5.0,Very satisfied,2024-11-02 00:21:02.275143
CUST1640,In-Person,5.0,Excellent experience,2023-11-21 00:21:02.275147
CUST1641,Email,3.0,Loved it,2024-05-23 00:21:02.275151
CUST1642,In-Person,3.0,,2024-02-15 00:21:02.275154
CUST1643,Phone,5.0,Not happy with the response,2023-11-23 00:21:02.275160
CUST1644,Phone,4.0,Excellent experience,2024-04-05 00:21:02.275166
CUST1645,Website,1.0,Disappointed,2024-07-31 00:21:02.275175
CUST1646,In-Person,2.0,Loved it,2024-03-07 00:21:02.275186
CUST1647,In-Person,2.0,Good support,2024-08-05 00:21:02.275193
CUST1648,In-Person,,,2024-06-26 00:21:02.275198
CUST1649,Phone,3.0,Had some issues,2024-05-08 00:21:02.275205
CUST1650,Phone,3.0,Not happy with the response,2024-04-29 00:21:02.275212
CUST1651,In-Person,4.0,Needs improvement,2024-10-09 00:21:02.275218
CUST1652,Email,2.0,Loved it,2024-04-24 00:21:02.275225
CUST1653,In-Person,2.0,,2024-07-26 00:21:02.275231
CUST1654,In-Person,5.0,Needs improvement,2024-08-24 00:21:02.275237
CUST1655,In-Person,2.0,Needs improvement,2024-05-19 00:21:02.275243
CUST1656,Phone,1.0,,2024-06-18 00:21:02.275249
CUST1657,Phone,2.0,Could be better,2024-02-29 00:21:02.275256
CUST1658,Email,4.0,Quick resolution,2024-03-31 00:21:02.275267
CUST1659,Website,1.0,Not happy with the response,2024-10-29 00:21:02.275274
CUST1660,In-Person,5.0,,2023-11-25 00:21:02.275280
CUST1661,Email,2.0,Not happy with the response,2024-05-30 00:21:02.275286
CUST1662,Phone,5.0,Could be better,2024-10-03 00:21:02.275293
CUST1663,Email,3.0,Good support,2024-01-05 00:21:02.275299
CUST1664,In-Person,2.0,Needs improvement,2024-05-06 00:21:02.275305
CUST1665,Phone,4.0,,2024-07-14 00:21:02.275311
CUST1666,Phone,1.0,Could be better,2024-09-03 00:21:02.275318
CUST1667,In-Person,1.0,Loved it,2024-06-28 00:21:02.275324
CUST1668,Email,1.0,Loved it,2024-10-26 00:21:02.275331
CUST1669,Email,4.0,Very satisfied,2024-01-30 00:21:02.275337
CUST1670,In-Person,2.0,Loved it,2023-12-19 00:21:02.275344
CUST1671,Email,1.0,Excellent experience,2023-12-23 00:21:02.275350
CUST1672,Phone,1.0,Disappointed,2024-09-06 00:21:02.275356
CUST1673,In-Person,1.0,Disappointed,2024-07-26 00:21:02.275363
CUST1674,In-Person,2.0,Quick resolution,2024-06-07 00:21:02.275370
CUST1675,Phone,,Had some issues,2023-11-19 00:21:02.275375
CUST1676,Website,1.0,,2024-09-21 00:21:02.275381
CUST1677,Email,4.0,,2024-09-20 00:21:02.275389
CUST1678,Email,1.0,Loved it,2024-07-10 00:21:02.275401
CUST1679,Website,3.0,Great service,2024-09-15 00:21:02.275408
CUST1680,Phone,3.0,Loved it,2024-05-29 00:21:02.275416
CUST1681,Website,1.0,Great service,2024-11-01 00:21:02.275423
CUST1682,Phone,2.0,Needs improvement,2023-12-23 00:21:02.275430
CUST1683,In-Person,1.0,Not happy with the response,2024-08-04 00:21:02.275437
CUST1684,Email,4.0,Quick resolution,2023-11-18 00:21:02.275544
CUST1685,Website,2.0,,2023-11-15 00:21:02.275553
CUST1686,Email,2.0,,2024-01-08 00:21:02.275560
CUST1687,Website,4.0,,2024-04-25 00:21:02.275566
CUST1688,In-Person,2.0,Needs improvement,2024-09-09 00:21:02.275573
CUST1689,Website,1.0,Not happy with the response,2024-10-30 00:21:02.275579
CUST1690,Phone,3.0,Disappointed,2024-09-18 00:21:02.275586
CUST1691,Website,2.0,Loved it,2023-11-25 00:21:02.275593
CUST1692,Website,5.0,Disappointed,2024-10-09 00:21:02.275600
CUST1693,Email,2.0,Needs improvement,2024-02-26 00:21:02.275606
CUST1694,Phone,,Had some issues,2024-05-20 00:21:02.275612
CUST1695,In-Person,,Loved it,2024-04-26 00:21:02.275618
CUST1696,Website,1.0,Disappointed,2024-03-21 00:21:02.275625
CUST1697,Email,4.0,Needs improvement,2023-12-07 00:21:02.275631
CUST1698,Email,4.0,,2024-01-29 00:21:02.275638
CUST1699,Email,5.0,Loved it,2024-06-03 00:21:02.275644
CUST1700,Phone,4.0,Not happy with the response,2024-10-09 00:21:02.275651
CUST1701,Phone,3.0,Disappointed,2024-01-03 00:21:02.275663
CUST1702,Website,3.0,Very satisfied,2024-09-17 00:21:02.275670
CUST1703,Phone,,Loved it,2024-06-09 00:21:02.275676
CUST1704,In-Person,1.0,Needs improvement,2024-08-26 00:21:02.275682
CUST1705,Website,5.0,,2024-09-05 00:21:02.275690
CUST1706,Website,2.0,Very satisfied,2024-04-07 00:21:02.275697
CUST1707,Email,5.0,,2024-03-20 00:21:02.275703
CUST1708,Website,5.0,,2024-02-24 00:21:02.275709
CUST1709,Email,1.0,Quick resolution,2024-01-11 00:21:02.275718
CUST1710,Website,2.0,Could be better,2024-09-01 00:21:02.275727
CUST1711,Email,5.0,Not happy with the response,2024-02-21 00:21:02.275733
CUST1712,Website,5.0,Had some issues,2024-06-18 00:21:02.275741
CUST1713,Website,3.0,Could be better,2024-08-27 00:21:02.275747
CUST1714,Website,5.0,Good support,2024-05-29 00:21:02.275753
CUST1715,Phone,5.0,Loved it,2024-05-13 00:21:02.275760
CUST1716,Phone,2.0,Loved it,2024-05-24 00:21:02.275766
CUST1717,Email,5.0,Disappointed,2023-11-30 00:21:02.275773
CUST1718,Website,5.0,Quick resolution,2024-10-30 00:21:02.275780
CUST1719,Email,,,2023-11-28 00:21:02.275785
CUST1720,Email,2.0,Loved it,2024-06-30 00:21:02.275791
CUST1721,Phone,3.0,Good support,2024-10-20 00:21:02.275798
CUST1722,In-Person,1.0,Loved it,2024-01-23 00:21:02.275804
CUST1723,Phone,5.0,Good support,2023-11-15 00:21:02.275811
CUST1724,In-Person,1.0,Quick resolution,2024-04-06 00:21:02.275818
CUST1725,In-Person,1.0,,2024-06-30 00:21:02.275824
CUST1726,Phone,4.0,Loved it,2023-11-11 00:21:02.275831
CUST1727,In-Person,5.0,Had some issues,2024-07-29 00:21:02.275838
CUST1728,In-Person,1.0,,2024-08-09 00:21:02.275844
CUST1729,Email,4.0,Excellent experience,2024-08-31 00:21:02.275851
CUST1730,Phone,3.0,,2024-03-12 00:21:02.275857
CUST1731,Phone,,Disappointed,2024-10-10 00:21:02.275863
CUST1732,In-Person,5.0,Very satisfied,2023-11-09 00:21:02.275870
CUST1733,In-Person,2.0,Good support,2024-08-16 00:21:02.275877
CUST1734,Website,4.0,,2024-07-15 00:21:02.275884
CUST1735,Phone,3.0,Had some issues,2023-12-25 00:21:02.275891
CUST1736,Website,1.0,,2024-05-12 00:21:02.275897
CUST1737,Website,5.0,Had some issues,2024-10-16 00:21:02.275904
CUST1738,In-Person,1.0,Good support,2024-06-14 00:21:02.275912
CUST1739,Email,3.0,Good support,2024-03-22 00:21:02.275918
CUST1740,Website,,Had some issues,2024-05-25 00:21:02.275924
CUST1741,Email,2.0,Good support,2024-02-06 00:21:02.275932
CUST1742,Email,2.0,Had some issues,2023-11-21 00:21:02.275939
CUST1743,Website,2.0,Quick resolution,2023-12-10 00:21:02.275948
CUST1744,Email,2.0,,2024-05-20 00:21:02.275960
CUST1745,Email,,,2024-06-30 00:21:02.275965
CUST1746,Email,2.0,Quick resolution,2024-04-21 00:21:02.275972
CUST1747,Website,4.0,Quick resolution,2023-11-27 00:21:02.275980
CUST1748,Email,5.0,,2024-01-11 00:21:02.275986
CUST1749,Email,1.0,Good support,2024-09-12 00:21:02.275993
CUST1750,In-Person,3.0,Excellent experience,2024-03-26 00:21:02.275999
CUST1751,Website,1.0,Good support,2024-07-16 00:21:02.276006
CUST1752,Phone,5.0,Loved it,2024-08-24 00:21:02.276012
CUST1753,In-Person,3.0,Great service,2024-01-27 00:21:02.276019
CUST1754,Phone,1.0,Quick resolution,2024-02-04 00:21:02.276026
CUST1755,Email,3.0,Loved it,2024-02-17 00:21:02.276033
CUST1756,Phone,2.0,Excellent experience,2024-07-29 00:21:02.276039
CUST1757,Email,5.0,Good support,2024-03-14 00:21:02.276046
CUST1758,Email,1.0,Had some issues,2024-01-13 00:21:02.276052
CUST1759,Website,3.0,,2023-12-06 00:21:02.276058
CUST1760,Phone,5.0,,2024-07-29 00:21:02.276065
CUST1761,In-Person,3.0,Excellent experience,2023-11-16 00:21:02.276075
CUST1762,Phone,3.0,Quick resolution,2024-08-11 00:21:02.276081
CUST1763,Email,2.0,Loved it,2024-03-27 00:21:02.276088
CUST1764,In-Person,2.0,Not happy with the response,2024-03-05 00:21:02.276094
CUST1765,Website,3.0,Very satisfied,2024-08-08 00:21:02.276100
CUST1766,Email,2.0,Had some issues,2024-06-24 00:21:02.276107
CUST1767,Email,1.0,Loved it,2024-10-21 00:21:02.276113
CUST1768,Website,2.0,Good support,2024-06-25 00:21:02.276118
CUST1769,Website,2.0,Had some issues,2024-01-09 00:21:02.276124
CUST1770,In-Person,5.0,Quick resolution,2024-05-03 00:21:02.276131
CUST1771,Email,5.0,Good support,2024-08-26 00:21:02.276138
CUST1772,Website,5.0,Loved it,2024-08-23 00:21:02.276144
CUST1773,Website,1.0,Needs improvement,2024-07-10 00:21:02.276150
CUST1774,Email,2.0,,2024-07-23 00:21:02.276153
CUST1775,In-Person,4.0,Great service,2023-12-09 00:21:02.276157
CUST1776,In-Person,5.0,Excellent experience,2024-06-24 00:21:02.276161
CUST1777,Phone,4.0,Loved it,2024-09-27 00:21:02.276165
CUST1778,In-Person,2.0,Not happy with the response,2024-05-13 00:21:02.276169
CUST1779,Website,5.0,,2024-08-26 00:21:02.276173
CUST1780,Website,1.0,Excellent experience,2024-07-20 00:21:02.276177
CUST1781,Phone,3.0,Very satisfied,2023-12-03 00:21:02.276180
CUST1782,Phone,3.0,Needs improvement,2023-11-26 00:21:02.276184
CUST1783,Website,5.0,,2024-04-09 00:21:02.276187
CUST1784,Email,2.0,Could be better,2024-08-29 00:21:02.276191
CUST1785,Email,2.0,,2024-06-26 00:21:02.276195
CUST1786,Phone,4.0,Disappointed,2023-12-15 00:21:02.276204
CUST1787,Email,3.0,Had some issues,2024-03-21 00:21:02.276208
CUST1788,Website,2.0,Quick resolution,2024-01-03 00:21:02.276211
CUST1789,Phone,2.0,Good support,2024-06-23 00:21:02.276215
CUST1790,Phone,3.0,Disappointed,2024-01-08 00:21:02.276219
CUST1791,Email,4.0,,2024-10-28 00:21:02.276222
CUST1792,Phone,5.0,Could be better,2023-12-31 00:21:02.276226
CUST1793,Email,5.0,Good support,2024-02-22 00:21:02.276230
CUST1794,Email,,Disappointed,2024-02-03 00:21:02.276234
CUST1795,Email,4.0,Not happy with the response,2024-10-14 00:21:02.276238
CUST1796,Website,4.0,Quick resolution,2024-05-10 00:21:02.276245
CUST1797,Email,3.0,Had some issues,2024-09-24 00:21:02.276252
CUST1798,In-Person,5.0,Had some issues,2024-11-03 00:21:02.276258
CUST1799,Email,1.0,Quick resolution,2023-12-06 00:21:02.276264
CUST1800,Phone,3.0,Very satisfied,2024-08-18 00:21:02.276271
CUST1801,Website,3.0,Good support,2024-04-03 00:21:02.276277
CUST1802,In-Person,4.0,Quick resolution,2024-01-28 00:21:02.276283
CUST1803,Website,5.0,Excellent experience,2024-06-01 00:21:02.276290
CUST1804,In-Person,4.0,Loved it,2024-09-06 00:21:02.276298
CUST1805,Phone,2.0,,2024-02-19 00:21:02.276304
CUST1806,Website,5.0,Loved it,2023-11-10 00:21:02.276308
CUST1807,Email,1.0,Could be better,2024-03-09 00:21:02.276312
CUST1808,Website,,Not happy with the response,2024-09-26 00:21:02.276315
CUST1809,Email,4.0,Good support,2024-06-12 00:21:02.276319
CUST1810,Email,2.0,Needs improvement,2024-10-31 00:21:02.276324
CUST1811,Phone,5.0,Great service,2024-01-04 00:21:02.276328
CUST1812,Phone,1.0,Loved it,2024-11-05 00:21:02.276332
CUST1813,Phone,,Quick resolution,2024-05-09 00:21:02.276336
CUST1814,Website,2.0,Very satisfied,2024-09-20 00:21:02.276340
CUST1815,In-Person,5.0,Not happy with the response,2024-05-12 00:21:02.276346
CUST1816,In-Person,2.0,Quick resolution,2024-01-16 00:21:02.276391
CUST1817,Email,4.0,Good support,2024-09-29 00:21:02.276401
CUST1818,In-Person,1.0,Excellent experience,2024-02-04 00:21:02.276408
CUST1819,In-Person,4.0,Had some issues,2024-05-16 00:21:02.276415
CUST1820,Website,5.0,Needs improvement,2024-09-07 00:21:02.276422
CUST1821,In-Person,,Had some issues,2023-11-25 00:21:02.276428
CUST1822,Phone,4.0,Good support,2024-02-05 00:21:02.276434
CUST1823,Email,3.0,Very satisfied,2024-04-15 00:21:02.276440
CUST1824,In-Person,,Needs improvement,2024-05-29 00:21:02.276446
CUST1825,In-Person,5.0,Loved it,2024-07-31 00:21:02.276453
CUST1826,Website,2.0,Excellent experience,2024-07-23 00:21:02.276459
CUST1827,Phone,2.0,Not happy with the response,2024-08-18 00:21:02.276465
CUST1828,Email,1.0,Loved it,2024-02-27 00:21:02.276469
CUST1829,Email,5.0,Needs improvement,2024-04-29 00:21:02.276478
CUST1830,In-Person,5.0,Needs improvement,2024-08-04 00:21:02.276483
CUST1831,In-Person,5.0,,2024-02-10 00:21:02.276490
CUST1832,Website,5.0,,2024-05-12 00:21:02.276496
CUST1833,Website,2.0,Very satisfied,2023-11-14 00:21:02.276502
CUST1834,Website,1.0,,2024-07-21 00:21:02.276508
CUST1835,Website,3.0,Excellent experience,2024-08-02 00:21:02.276511
CUST1836,In-Person,4.0,Not happy with the response,2024-05-02 00:21:02.276515
CUST1837,Phone,2.0,Not happy with the response,2024-05-03 00:21:02.276520
CUST1838,Website,2.0,Disappointed,2023-11-20 00:21:02.276527
CUST1839,Phone,3.0,Good support,2024-03-29 00:21:02.276531
CUST1840,Website,2.0,Great service,2024-08-07 00:21:02.276535
CUST1841,Website,5.0,Not happy with the response,2024-03-01 00:21:02.276539
CUST1842,In-Person,5.0,,2024-09-16 00:21:02.276543
CUST1843,Phone,,Needs improvement,2023-12-19 00:21:02.276548
CUST1844,Email,3.0,Not happy with the response,2024-01-24 00:21:02.276554
CUST1845,In-Person,4.0,,2023-11-24 00:21:02.276560
CUST1846,Phone,5.0,,2024-06-13 00:21:02.276567
CUST1847,In-Person,5.0,Needs improvement,2024-09-26 00:21:02.276573
CUST1848,Website,4.0,Could be better,2024-08-12 00:21:02.276579
CUST1849,In-Person,5.0,Very satisfied,2024-09-26 00:21:02.276586
CUST1850,Phone,3.0,Excellent experience,2023-11-08 00:21:02.276592
CUST1851,In-Person,4.0,Needs improvement,2024-05-04 00:21:02.276598
CUST1852,Website,2.0,Could be better,2024-07-08 00:21:02.276606
CUST1853,In-Person,1.0,Quick resolution,2024-09-14 00:21:02.276614
CUST1854,Email,,Good support,2024-10-09 00:21:02.276619
CUST1855,Email,5.0,Very satisfied,2024-09-13 00:21:02.276623
CUST1856,In-Person,1.0,Quick resolution,2024-05-31 00:21:02.276627
CUST1857,Phone,3.0,Could be better,2024-08-30 00:21:02.276630
CUST1858,Phone,,Not happy with the response,2024-03-07 00:21:02.276634
CUST1859,Website,5.0,Good support,2024-03-23 00:21:02.276639
CUST1860,Phone,5.0,,2024-01-05 00:21:02.276657
CUST1861,Website,5.0,Loved it,2023-12-14 00:21:02.276671
CUST1862,In-Person,4.0,Very satisfied,2024-03-24 00:21:02.276675
CUST1863,In-Person,3.0,,2024-10-31 00:21:02.276679
CUST1864,Email,2.0,Needs improvement,2024-02-06 00:21:02.276682
CUST1865,Email,4.0,Needs improvement,2024-06-05 00:21:02.276686
CUST1866,Email,3.0,Great service,2024-01-30 00:21:02.276690
CUST1867,In-Person,5.0,Had some issues,2024-08-14 00:21:02.276695
CUST1868,Website,2.0,Quick resolution,2023-12-21 00:21:02.276700
CUST1869,Phone,5.0,Loved it,2024-06-19 00:21:02.276705
CUST1870,In-Person,5.0,Quick resolution,2024-08-01 00:21:02.276712
CUST1871,Email,3.0,,2024-03-17 00:21:02.276715
CUST1872,Website,5.0,Not happy with the response,2024-10-27 00:21:02.276727
CUST1873,Phone,,Could be better,2024-09-14 00:21:02.276734
CUST1874,In-Person,4.0,Had some issues,2024-09-20 00:21:02.276740
CUST1875,Phone,,Quick resolution,2024-05-30 00:21:02.276746
CUST1876,Website,4.0,Great service,2024-05-20 00:21:02.276753
CUST1877,Email,2.0,,2024-04-19 00:21:02.276758
CUST1878,Email,2.0,,2024-06-30 00:21:02.276764
CUST1879,Website,1.0,Had some issues,2024-04-22 00:21:02.276771
CUST1880,Website,1.0,,2024-09-18 00:21:02.276778
CUST1881,Phone,3.0,Could be better,2023-12-19 00:21:02.276784
CUST1882,Email,5.0,Excellent experience,2024-03-04 00:21:02.276788
CUST1883,In-Person,1.0,Had some issues,2024-09-09 00:21:02.276792
CUST1884,Phone,3.0,,2024-06-17 00:21:02.276795
CUST1885,Email,2.0,,2024-10-15 00:21:02.276799
CUST1886,Website,2.0,Very satisfied,2024-07-01 00:21:02.276803
CUST1887,Phone,5.0,Loved it,2024-10-06 00:21:02.276808
CUST1888,Email,2.0,Very satisfied,2024-09-02 00:21:02.276815
CUST1889,Website,5.0,Not happy with the response,2024-03-26 00:21:02.276821
CUST1890,Phone,,Could be better,2024-06-30 00:21:02.276827
CUST1891,Email,4.0,Good support,2023-11-15 00:21:02.276834
CUST1892,Website,2.0,Not happy with the response,2024-03-11 00:21:02.276841
CUST1893,In-Person,5.0,Good support,2024-08-15 00:21:02.276846
CUST1894,Email,4.0,Excellent experience,2024-02-02 00:21:02.276849
CUST1895,In-Person,5.0,Could be better,2024-10-27 00:21:02.276853
CUST1896,In-Person,2.0,Very satisfied,2023-12-04 00:21:02.276857
CUST1897,Website,4.0,Could be better,2023-12-28 00:21:02.276861
CUST1898,In-Person,3.0,,2024-02-12 00:21:02.276865
CUST1899,Email,,Could be better,2024-10-20 00:21:02.276868
CUST1900,Phone,2.0,,2024-01-18 00:21:02.276872
CUST1901,Website,5.0,Disappointed,2024-06-27 00:21:02.276877
CUST1902,Email,5.0,Great service,2024-07-22 00:21:02.276885
CUST1903,Website,1.0,Loved it,2024-10-05 00:21:02.276889
CUST1904,In-Person,4.0,Great service,2023-12-26 00:21:02.276895
CUST1905,In-Person,1.0,Very satisfied,2024-07-18 00:21:02.276902
CUST1906,Email,2.0,Had some issues,2024-07-30 00:21:02.276907
CUST1907,Phone,2.0,Good support,2024-04-07 00:21:02.276914
CUST1908,Email,5.0,Needs improvement,2023-11-12 00:21:02.276921
CUST1909,Website,2.0,Good support,2024-04-14 00:21:02.276928
CUST1910,In-Person,5.0,Needs improvement,2024-05-09 00:21:02.276933
CUST1911,In-Person,3.0,Quick resolution,2023-12-17 00:21:02.276937
CUST1912,Website,3.0,Disappointed,2024-01-31 00:21:02.276941
CUST1913,Phone,5.0,Excellent experience,2024-05-05 00:21:02.276945
CUST1914,Website,4.0,,2024-10-19 00:21:02.276952
CUST1915,In-Person,5.0,,2024-06-04 00:21:02.276956
CUST1916,Email,2.0,Not happy with the response,2024-10-25 00:21:02.276959
CUST1917,In-Person,5.0,Disappointed,2024-08-18 00:21:02.276963
CUST1918,Email,,Could be better,2024-06-23 00:21:02.276967
CUST1919,In-Person,2.0,Excellent experience,2024-09-19 00:21:02.276970
CUST1920,Website,2.0,Not happy with the response,2024-03-03 00:21:02.276974
CUST1921,Phone,5.0,Very satisfied,2024-01-06 00:21:02.276978
CUST1922,In-Person,,Quick resolution,2024-09-26 00:21:02.276982
CUST1923,Email,3.0,Quick resolution,2024-04-06 00:21:02.276985
CUST1924,Email,2.0,Disappointed,2024-10-31 00:21:02.276990
CUST1925,Website,,Not happy with the response,2024-02-03 00:21:02.276994
CUST1926,Phone,2.0,,2023-11-27 00:21:02.276997
CUST1927,Website,5.0,Very satisfied,2024-07-15 00:21:02.277001
CUST1928,Website,4.0,,2024-05-17 00:21:02.277005
CUST1929,Email,1.0,Excellent experience,2024-09-23 00:21:02.277009
CUST1930,Website,2.0,Needs improvement,2024-01-24 00:21:02.277012
CUST1931,Phone,5.0,,2023-12-26 00:21:02.277016
CUST1932,Phone,3.0,Not happy with the response,2023-11-21 00:21:02.277020
CUST1933,Email,4.0,Not happy with the response,2024-07-31 00:21:02.277026
CUST1934,In-Person,1.0,Could be better,2024-05-10 00:21:02.277033
CUST1935,Website,4.0,,2024-07-09 00:21:02.277037
CUST1936,Phone,2.0,Very satisfied,2024-09-09 00:21:02.277040
CUST1937,Email,5.0,Excellent experience,2024-10-29 00:21:02.277044
CUST1938,In-Person,1.0,Needs improvement,2024-10-25 00:21:02.277048
CUST1939,In-Person,5.0,Good support,2024-02-12 00:21:02.277054
CUST1940,In-Person,5.0,Could be better,2023-11-16 00:21:02.277061
CUST1941,Email,5.0,,2024-08-10 00:21:02.277066
CUST1942,Email,5.0,Needs improvement,2023-12-06 00:21:02.277073
CUST1943,Email,,Loved it,2023-12-04 00:21:02.277079
CUST1944,In-Person,1.0,Loved it,2024-04-22 00:21:02.277087
CUST1945,Phone,5.0,Very satisfied,2024-05-28 00:21:02.277091
CUST1946,Website,5.0,,2024-07-27 00:21:02.277094
CUST1947,Website,1.0,,2024-02-08 00:21:02.277098
CUST1948,In-Person,4.0,Great service,2024-05-12 00:21:02.277104
CUST1949,In-Person,3.0,Good support,2024-06-17 00:21:02.277111
CUST1950,Email,4.0,Great service,2024-01-26 00:21:02.277118
CUST1951,In-Person,3.0,Loved it,2024-08-27 00:21:02.277124
CUST1952,Email,5.0,Disappointed,2023-12-21 00:21:02.277131
CUST1953,Phone,5.0,,2024-05-30 00:21:02.277136
CUST1954,In-Person,2.0,Could be better,2024-01-13 00:21:02.277143
CUST1955,Phone,3.0,Good support,2024-08-28 00:21:02.277150
CUST1956,Website,2.0,Disappointed,2024-08-17 00:21:02.277157
CUST1957,In-Person,,Very satisfied,2024-08-03 00:21:02.277168
CUST1958,In-Person,2.0,Not happy with the response,2024-04-08 00:21:02.277174
CUST1959,Website,3.0,,2024-08-01 00:21:02.277180
CUST1960,Email,1.0,Disappointed,2023-12-26 00:21:02.277189
CUST1961,In-Person,5.0,Had some issues,2024-07-10 00:21:02.277195
CUST1962,Email,4.0,,2024-01-01 00:21:02.277199
CUST1963,Website,3.0,,2024-04-21 00:21:02.277202
CUST1964,Website,2.0,,2024-10-20 00:21:02.277207
CUST1965,Website,1.0,Quick resolution,2024-07-15 00:21:02.277215
CUST1966,Phone,1.0,,2024-03-26 00:21:02.277225
CUST1967,Website,4.0,Quick resolution,2024-04-12 00:21:02.277231
CUST1968,Email,4.0,Quick resolution,2023-12-28 00:21:02.277237
CUST1969,Email,4.0,Great service,2024-07-03 00:21:02.277244
CUST1970,Website,1.0,Good support,2023-12-19 00:21:02.277250
CUST1971,Email,4.0,Excellent experience,2024-06-12 00:21:02.277256
CUST1972,Website,3.0,Great service,2023-11-18 00:21:02.277263
CUST1973,Phone,4.0,,2024-02-23 00:21:02.277273
CUST1974,Email,5.0,Good support,2024-08-28 00:21:02.277279
CUST1975,Website,4.0,,2024-03-18 00:21:02.277285
CUST1976,Phone,1.0,Loved it,2023-11-07 00:21:02.277292
CUST1977,Phone,1.0,,2023-11-10 00:21:02.277298
CUST1978,Website,1.0,Quick resolution,2024-02-18 00:21:02.277305
CUST1979,Phone,4.0,,2024-08-10 00:21:02.277311
CUST1980,In-Person,2.0,,2024-08-23 00:21:02.277317
CUST1981,Phone,1.0,Excellent experience,2024-03-22 00:21:02.277323
CUST1982,In-Person,1.0,Had some issues,2024-11-04 00:21:02.277330
CUST1983,In-Person,,Needs improvement,2024-02-01 00:21:02.277336
CUST1984,Email,4.0,Disappointed,2023-12-04 00:21:02.277342
CUST1985,Website,4.0,,2024-01-03 00:21:02.277348
CUST1986,Email,5.0,Loved it,2024-01-25 00:21:02.277354
CUST1987,Phone,,,2023-12-07 00:21:02.277360
CUST1988,In-Person,,Loved it,2024-01-15 00:21:02.277366
CUST1989,In-Person,1.0,,2024-04-06 00:21:02.277372
CUST1990,Phone,3.0,Disappointed,2024-01-17 00:21:02.277379
CUST1991,Phone,5.0,Great service,2024-09-19 00:21:02.277383
CUST1992,In-Person,4.0,Quick resolution,2024-01-29 00:21:02.277387
CUST1993,Email,2.0,,2024-06-18 00:21:02.277390
CUST1994,In-Person,5.0,Had some issues,2023-12-28 00:21:02.277394
CUST1995,Email,5.0,Needs improvement,2023-11-19 00:21:02.277398
CUST1996,In-Person,3.0,Disappointed,2023-12-22 00:21:02.277403
CUST1997,In-Person,5.0,Good support,2023-12-18 00:21:02.277409
CUST1998,Website,2.0,Had some issues,2023-11-09 00:21:02.277415
CUST1999,In-Person,1.0,,2024-03-12 00:21:02.277421
